Steve Laskaridis:
    name: Steve Laskaridis
    email: "laskstef@csd.auth.gr"
    photo: "../assets/people/stevelaskaridis.png"

Alexandros Dorodoulis:
    name: Alexandros Dorodoulis
    email: "alexdoro@econ.auth.gr"
    photo: "../assets/people/alexdorodoulis.jpg"

Kostas Platis:
    name: Kostas Platis
    email: "platiskp@csd.auth.gr"
    photo: "../assets/people/kostasplatis.png"

Katerina Intzevidou:
    name: Katerina Intzevidou
    email: "aintzevi@csd.auth.gr"
    photo: "../assets/people/katerinaintzevidou.png"

Filippos Lanaras:
    name: Filippos Lanaras
    email: "flanaras@acm.org"
    photo: "../assets/people/filipposlanaras.png"

Antigoni Founta:
    name: Antigoni Founta
    email: "antifou@gmail.com"
    photo: "../assets/people/antigonifounta.jpg"

Dimitris Sarigiannis:
    name: Dimitris Sarigiannis
    email: "saridimi@gmail.com"
    photo: "../assets/people/dimitrissarigiannis.jpeg"
